City_ID,City,Lat,Lng,Max Temp,Humidity,Cloudiness,Wind Speed,Country,Date
0,cidreira,-30.1811,-50.2056,294.17,97,100,2.35,BR,1683497313
1,waitangi,-43.9535,-176.5597,287.49,95,100,2.68,NZ,1683497291
2,malesherbes,48.2957,2.4094,288.11,96,5,2.67,FR,1683497330
3,lata,40.1629,-8.3327,289.71,88,18,0.91,PT,1683497331
4,grytviken,-54.2811,-36.5092,274.91,90,89,9.71,GS,1683497292
5,hawaiian paradise park,19.5933,-154.9731,299.28,75,100,5.66,US,1683497103
6,blackmans bay,-43.0167,147.3167,280.66,82,95,2.84,AU,1683497292
7,port-aux-francais,-49.35,70.2167,277.19,65,95,12.3,TF,1683497290
8,tazovsky,67.4667,78.7,268.23,95,100,8.8,RU,1683497331
9,edinburgh of the seven seas,-37.0676,-12.3116,287.77,65,41,2.69,SH,1683497290
10,bethel,41.3712,-73.414,296.57,39,20,2.57,US,1683497287
11,albany,42.6001,-73.9662,295.56,37,88,1.97,US,1683497296
12,purpe,64.4803,76.6897,277.68,97,100,9.79,RU,1683497332
13,portland,45.5234,-122.6762,292.35,51,40,2.06,US,1683497289
14,iqaluit,63.7506,-68.5145,270.0,73,20,8.23,CA,1683497042
15,kostomuksha,64.571,30.5767,273.93,95,100,2.23,RU,1683497332
16,invercargill,-46.4,168.35,285.25,78,99,1.77,NZ,1683497300
17,bilibino,68.0546,166.4372,267.24,84,99,0.92,RU,1683497305
18,adamstown,-25.066,-130.1015,294.76,59,100,10.31,PN,1683497288
19,puerto natales,-51.7236,-72.4875,279.75,86,65,1.84,CL,1683497290
20,bredasdorp,-34.5322,20.0403,286.21,90,10,1.43,ZA,1683497300
21,kodiak,57.79,-152.4072,279.88,65,75,4.63,US,1683497333
22,labytnangi,66.6572,66.4183,266.84,93,100,9.22,RU,1683497333
23,olonkinbyen,70.9221,-8.7187,274.43,99,100,3.9,SJ,1683497295
24,utrik,11.2278,169.8474,300.23,82,88,8.46,MH,1683497294
25,fale old settlement,-9.3852,-171.2468,302.16,75,36,4.53,TK,1683497333
26,porto-vecchio,41.591,9.2795,288.89,77,0,2.06,FR,1683497333
27,yellowknife,62.456,-114.3525,291.44,29,0,8.23,CA,1683496741
28,thompson,55.7435,-97.8558,291.74,37,33,3.49,CA,1683497291
29,puerto ayora,-0.7393,-90.3518,301.13,93,59,2.68,EC,1683497288
30,arraial do cabo,-22.9661,-42.0278,297.07,88,40,5.14,BR,1683497288
31,ataq,14.5377,46.8319,296.65,72,100,2.99,YE,1683497333
32,college,64.8569,-147.8028,285.12,45,75,1.54,US,1683497156
33,jamestown,42.097,-79.2353,292.6,81,100,3.6,US,1683497094
34,draguseni,45.9667,27.75,283.13,82,100,2.72,RO,1683497334
35,las cabezas de san juan,36.9838,-5.9393,297.03,68,28,2.71,ES,1683497334
36,aasiaat,68.7098,-52.8699,272.13,87,81,4.56,GL,1683497294
37,qaqortoq,60.7167,-46.0333,275.94,75,100,1.39,GL,1683497299
38,crane,31.3974,-102.3501,306.51,16,99,6.23,US,1683497289
39,praia da vitoria,38.7333,-27.0667,291.35,98,100,7.79,PT,1683497334
40,arteche,12.2645,125.4048,299.49,83,88,1.66,PH,1683497334
41,alofi,-19.0595,-169.9187,298.62,78,5,1.74,NU,1683497298
42,piritiba,-11.7303,-40.5553,296.24,74,91,1.96,BR,1683497335
43,mitu,1.1983,-70.1733,298.56,96,96,0.01,CO,1683497335
44,tutong,4.8,114.65,298.2,90,100,2.37,BN,1683497231
45,anadyr,64.75,177.4833,272.43,92,40,7.0,RU,1683497296
46,mount gambier,-37.8333,140.7667,283.42,76,95,2.8,AU,1683497335
47,ola,59.5833,151.2833,273.91,88,41,1.76,RU,1683497326
48,isafjordur,66.0755,-23.124,279.55,93,96,2.16,IS,1683497293
49,nuuk,64.1835,-51.7216,276.49,75,98,2.57,GL,1683497280
50,vadso,70.0744,29.7487,277.24,75,75,3.6,NO,1683497295
51,punch,33.7679,74.0897,287.59,76,100,2.16,IN,1683497335
52,port elizabeth,-33.918,25.5701,290.55,85,100,0.89,ZA,1683497297
53,avarua,-21.2078,-159.775,300.18,83,20,4.12,CK,1683497315
54,vuktyl,63.8567,57.3094,266.95,94,100,6.21,RU,1683497336
55,constitucion,-35.3333,-72.4167,287.03,77,71,4.89,CL,1683497063
56,dwarka,22.2394,68.9678,300.16,76,0,5.92,IN,1683497336
57,vorgashor,67.5833,63.95,264.74,90,100,8.08,RU,1683497065
58,tiksi,71.6872,128.8694,255.89,92,34,4.1,RU,1683497302
59,talnakh,69.4865,88.3972,255.25,84,94,2.05,RU,1683497308
60,port lincoln,-34.7333,135.8667,286.59,60,63,3.5,AU,1683497188
61,margaret river,-33.95,115.0667,290.41,53,91,7.89,AU,1683497282
62,baneh,35.9975,45.8853,284.63,54,10,2.69,IR,1683497336
63,satun,6.8333,100.0,299.15,96,100,0.59,TH,1683497337
64,toliara,-23.35,43.6667,295.26,75,26,2.02,MG,1683497211
65,rio san juan,19.6439,-70.0763,300.23,73,11,5.6,DO,1683497337
66,ushuaia,-54.8,-68.3,281.96,71,75,2.06,AR,1683497289
67,puerto aysen,-45.4,-72.7,278.94,95,20,1.69,CL,1683497337
68,whitehorse,60.7161,-135.0538,286.58,32,40,5.66,CA,1683497296
69,port augusta,-32.5,137.7667,282.88,66,6,2.25,AU,1683497337
70,kitui,-1.367,38.0106,291.38,94,67,2.5,KE,1683497337
71,kodinsk,58.6881,99.1844,277.34,90,69,0.86,RU,1683497337
72,jining,35.405,116.5814,287.04,36,100,1.92,CN,1683497338
73,sumenep,-7.0167,113.8667,299.08,84,100,2.96,ID,1683497235
74,ust-nera,64.5667,143.2,274.69,95,100,2.64,RU,1683497292
75,arkhangel'sk,64.5401,40.5433,271.18,95,25,1.84,RU,1683497314
76,howard springs,-12.497,131.047,296.1,56,48,4.74,AU,1683497338
77,klyuchi,52.2667,79.1667,288.9,37,3,1.61,RU,1683497311
78,akrehamn,59.2667,5.1833,285.37,43,75,5.66,NO,1683497338
79,atafu village,-8.5421,-172.5159,302.14,77,12,5.51,TK,1683497294
80,malihabad,26.9167,80.7167,298.1,27,34,1.65,IN,1683497338
81,nova sintra,14.8667,-24.7167,293.26,79,0,8.44,CV,1683497338
82,saipan,15.1355,145.701,301.54,100,40,3.6,MP,1683497309
83,grand-bassam,5.2118,-3.7388,301.13,79,97,2.94,CI,1683497339
84,ribeira grande,38.5167,-28.7,291.36,97,100,8.49,PT,1683497309
85,tralee,52.2704,-9.7026,286.0,98,100,2.48,IE,1683497339
86,papatowai,-46.5619,169.4708,286.94,72,100,1.03,NZ,1683497292
87,fortuna,40.5982,-124.1573,287.96,69,94,5.53,US,1683497339
88,kirensk,57.7853,108.1119,275.38,91,100,2.13,RU,1683497339
89,jayapura,-2.5333,140.7,298.81,91,71,2.14,ID,1683497195
90,surgut,61.25,73.4167,282.25,70,0,7.15,RU,1683497150
91,longyearbyen,78.2186,15.6401,272.06,86,75,2.06,SJ,1683497312
92,lebu,-37.6167,-73.65,284.26,77,45,7.36,CL,1683497312
93,ilulissat,69.2167,-51.1,273.16,86,100,1.54,GL,1683497315
94,les anglais,18.3054,-74.2197,301.13,70,30,3.16,HT,1683497340
95,prince george,53.9166,-122.753,282.75,94,100,0.89,CA,1683497340
96,viedma,-40.8135,-62.9967,286.8,72,91,5.67,AR,1683497340
97,antofagasta,-23.65,-70.4,288.75,78,13,3.22,CL,1683497135
98,carnarvon,-24.8667,113.6333,293.96,63,13,6.0,AU,1683497315
99,flying fish cove,-10.4217,105.6791,299.97,83,75,4.12,CX,1683497298
100,vegachi,6.7614,-74.7947,299.45,65,87,1.01,CO,1683497340
101,limulunga,-15.0969,23.1376,290.42,40,4,2.66,ZM,1683497341
102,lorengau,-2.0226,147.2712,302.07,75,67,1.96,PG,1683497318
103,taro,-8.3862,115.28,295.15,97,83,0.83,ID,1683497341
104,uturoa,-16.7333,-151.4333,300.95,77,46,6.3,PF,1683497341
105,beledweyne,4.7358,45.2036,300.2,67,71,8.33,SO,1683497341
106,monrovia,6.3005,-10.7969,299.02,80,47,4.11,LR,1683497341
107,wailua homesteads,22.0669,-159.378,299.39,67,75,8.75,US,1683497290
108,acapulco de juarez,16.8634,-99.8901,304.05,74,40,6.69,MX,1683497275
109,afaahiti,-17.75,-149.2833,302.08,77,85,7.02,PF,1683497313
110,vancleave,30.5405,-88.6875,301.46,79,75,4.63,US,1683497325
111,stanley,54.868,-1.6985,285.25,93,90,0.51,GB,1683497304
112,constantia,44.1833,28.65,284.65,78,43,2.19,RO,1683497204
113,fortaleza,-3.7227,-38.5247,301.6,78,0,2.06,BR,1683497248
114,tibu,8.639,-72.7358,304.64,49,100,1.28,CO,1683497343
115,nova vicosa,-17.8919,-39.3719,297.84,80,2,4.57,BR,1683497343
116,tabuk,17.4189,121.4443,297.84,86,97,0.79,PH,1683497344
117,lucapa,-8.4192,20.7447,292.73,65,6,1.23,AO,1683497345
118,badger,64.8,-147.5333,285.08,41,75,1.54,US,1683497292
119,saint-pierre,-21.3393,55.4781,296.97,78,0,3.09,RE,1683497312
120,siparia,10.1333,-61.5,301.94,72,42,5.38,TT,1683497347
121,dalby,-27.1833,151.2667,281.89,44,0,7.7,AU,1683497347
122,barcs,45.96,17.4586,287.72,96,97,3.11,HU,1683497348
123,vilyuysk,63.7553,121.6247,264.85,85,89,1.91,RU,1683497164
124,gurupa,-1.405,-51.64,299.43,80,88,0.77,BR,1683497348
125,rovnoye,50.7765,46.0509,281.84,55,100,6.08,RU,1683497348
126,hasaki,35.7333,140.8333,289.37,95,100,5.27,JP,1683497320
127,lihue,21.9789,-159.3672,299.73,67,75,8.75,US,1683497290
128,namibe,-15.1961,12.1522,297.24,63,8,2.19,AO,1683497349
129,lompoc,34.6391,-120.4579,297.42,70,20,9.39,US,1683497349
130,katsuura,35.1333,140.3,294.16,93,100,12.98,JP,1683497350
131,labrador city,52.9463,-66.9114,276.99,44,100,5.71,CA,1683497350
132,bernardino de campos,-23.0131,-49.4742,293.73,79,93,0.65,BR,1683497351
133,agar,23.7,76.0167,302.94,32,51,1.77,IN,1683497351
134,laborde,-33.1532,-62.8566,291.41,55,0,1.99,AR,1683497351
135,port mathurin,-19.6833,63.4167,299.18,71,1,9.35,MU,1683497299
136,nykarleby,63.5228,22.5307,277.54,59,100,3.98,FI,1683497352
137,ulladulla,-35.35,150.4667,280.24,61,92,10.03,AU,1683497352
138,polyarnyy,69.1989,33.4478,272.91,90,96,4.59,RU,1683497314
139,pacific grove,36.6177,-121.9166,291.97,66,0,4.63,US,1683497184
140,kapuskasing,49.4169,-82.4331,290.2,34,20,6.17,CA,1683497080
141,astrakhan,46.3497,48.0408,290.08,63,0,6.0,RU,1683497353
142,nantucket,41.2835,-70.0995,292.23,66,0,7.72,US,1683497353
143,louisville,38.2542,-85.7594,294.16,75,0,4.63,US,1683497058
144,kenai,60.5544,-151.2583,283.18,53,100,5.14,US,1683497354
145,puerto lempira,15.2667,-83.7667,303.23,70,20,3.6,HN,1683497354
146,martapura,-3.4167,114.85,299.2,100,100,0.51,ID,1683497355
147,kurmuk,10.55,34.2833,301.8,48,94,2.27,SD,1683497355
148,saudarkrokur,65.7461,-19.6394,281.4,87,99,0.99,IS,1683497355
149,castillos,-34.1667,-53.8333,290.09,75,100,3.09,UY,1683497355
150,port douglas,-16.4833,145.4667,297.99,78,93,5.28,AU,1683497356
151,harstad,68.799,16.5293,277.68,99,100,9.83,NO,1683497302
152,kisangani,0.5167,25.2,295.52,93,79,0.55,CD,1683497356
153,hithadhoo,-0.6,73.0833,301.36,73,15,6.91,MV,1683497356
154,bria,6.5423,21.9863,294.02,96,97,1.52,CF,1683497357
155,kapa'a,22.0752,-159.319,300.14,67,75,8.75,US,1683497301
156,yuksekova,37.5736,44.2872,286.01,41,40,1.54,TR,1683497357
157,newman,37.3138,-121.0208,297.17,54,100,1.79,US,1683497357
158,shizunai-furukawacho,42.3339,142.3669,278.76,89,100,3.33,JP,1683497100
159,horta,38.5333,-28.6333,290.94,97,100,9.39,PT,1683497358
160,punta arenas,-53.15,-70.9167,283.21,71,75,9.77,CL,1683497308
161,murun-kuren,49.6342,100.1625,279.55,69,92,1.66,MN,1683497358
162,ono,34.85,134.9333,285.88,84,100,5.28,JP,1683497359
163,kandyagash,49.4744,57.4233,286.16,69,81,6.19,KZ,1683497359
164,bubaque,11.2833,-15.8333,299.28,74,17,3.76,GW,1683497359
165,akwanga,8.9167,8.3833,298.87,63,52,0.88,NG,1683497360
166,nikolayevsk-on-amure,53.1406,140.73,282.66,55,3,0.8,RU,1683497360
167,copiapo,-27.3667,-70.3333,286.98,33,0,2.01,CL,1683497360
168,chuchar-kana mandi,31.75,73.8,296.09,45,31,7.62,PK,1683497361
169,kruisfontein,-34.0033,24.7314,288.09,84,97,2.82,ZA,1683497361
170,sirte,31.2089,16.5887,292.51,62,2,6.39,LY,1683497361
171,sturgis,41.7992,-85.4192,299.96,27,0,6.69,US,1683497362
172,margate,51.3813,1.3862,287.98,90,30,1.34,GB,1683497316
173,bikenibeu village,1.3673,173.1241,304.13,74,20,4.12,KI,1683497362
174,al kharijah,25.4514,30.5464,295.41,28,0,3.29,EG,1683497362
175,laibin,23.7,109.2667,291.02,85,100,4.33,CN,1683497363
176,selfoss,63.9331,-20.9971,283.17,96,100,2.91,IS,1683497320
177,krasnyy chikoy,50.3643,108.7512,278.32,73,24,0.54,RU,1683497363
178,udachny,66.4167,112.4,262.61,89,70,2.02,RU,1683497309
179,pisco,-13.7,-76.2167,295.18,78,62,7.72,PE,1683497090
180,wakkanai,45.4094,141.6739,280.54,54,100,3.32,JP,1683497364
181,cabo san lucas,22.8909,-109.9124,307.32,39,75,4.63,MX,1683497149
182,saint-francois,46.4154,3.9054,287.84,94,100,1.03,FR,1683497365
183,hammerfest,70.6634,23.6821,276.4,93,75,6.17,NO,1683497303
184,hit,33.6416,42.8251,297.66,26,0,3.22,IQ,1683497366
185,dudinka,69.4058,86.1778,256.89,91,91,3.98,RU,1683497314
186,oranjemund,-28.55,16.4333,285.8,91,0,2.86,NA,1683497366
187,sovetsk,55.0839,21.8785,276.92,69,6,3.18,RU,1683497366
188,ma'an,26.9775,110.7211,288.51,86,100,0.95,CN,1683497366
189,dunedin,-45.8742,170.5036,288.75,85,100,1.79,NZ,1683497299
190,el grao,39.798,-0.1321,292.73,88,21,1.42,ES,1683497367
191,serdar,38.9764,56.2757,293.54,32,52,7.73,TM,1683497367
192,rakops,-21.0167,24.3333,296.65,26,1,2.33,BW,1683497367
193,pubal,37.2917,127.5078,279.84,100,0,0.51,KR,1683497368
194,chonchi,-42.6128,-73.8092,283.22,93,57,0.42,CL,1683497338
195,nyurba,63.2842,118.3319,266.19,85,86,1.67,RU,1683497368
196,fredericton,45.9454,-66.6656,296.62,20,75,6.17,CA,1683497106
197,coronel dorrego,-38.7187,-61.2873,285.78,90,2,2.25,AR,1683497371
198,kargopol',61.5071,38.9456,271.4,90,27,1.78,RU,1683497372
199,ghat,24.9647,10.1728,301.11,9,100,2.77,LY,1683497372
200,fort bragg,35.139,-79.006,300.48,49,0,7.2,US,1683497372
201,nemuro,43.3236,145.575,275.23,93,100,4.75,JP,1683497321
202,kerikeri,-35.2268,173.9474,291.99,95,96,2.24,NZ,1683497373
203,vilyuchinsk,52.9306,158.4028,281.3,77,15,1.7,RU,1683497304
204,kalamb,19.05,73.95,297.17,78,43,2.57,IN,1683497373
205,tsengel,49.4783,100.8894,279.72,67,93,0.87,MN,1683497374
206,merlo,-32.3429,-65.014,288.07,56,0,3.36,AR,1683497374
207,griffith,41.5284,-87.4237,303.18,62,0,5.66,US,1683497374
208,iskateley,67.6803,53.1512,264.55,95,14,4.17,RU,1683497300
209,mount isa,-20.7333,139.5,286.02,35,27,5.66,AU,1683497297
210,enewetak,11.3474,162.3373,300.66,78,89,7.6,MH,1683497315
211,jiagedaqi,50.4167,124.1167,278.03,48,98,6.73,CN,1683497375
212,tofol,5.3248,163.0078,303.03,79,75,1.54,FM,1683497375
213,beyneu,45.3167,55.2,292.62,34,41,4.78,KZ,1683497375
214,east london,-33.0153,27.9116,292.25,69,100,2.57,ZA,1683497376
215,ji'an,27.1172,114.9793,290.42,83,100,3.26,CN,1683497376
216,zhezqazghan,47.7833,67.7667,290.05,29,14,2.79,KZ,1683497377
217,tsiombe,-25.3,45.4833,294.42,77,0,1.58,MG,1683497377
218,susuman,62.7833,148.1667,272.18,76,39,1.39,RU,1683497377
219,bamboo flat,11.7,92.7167,301.62,78,100,1.32,IN,1683497302
220,ulsteinvik,62.3432,5.8487,282.21,70,29,0.45,NO,1683497377
221,awjilah,29.1081,21.2869,293.18,46,100,3.92,LY,1683497378
222,chui,-33.6971,-53.4616,289.45,93,100,2.66,UY,1683497321
223,middelburg,-25.7751,29.4648,287.82,79,99,4.37,ZA,1683497378
224,moral de calatrava,38.7919,-3.5786,294.46,38,61,1.57,ES,1683497378
225,arno,60.1167,18.6333,278.03,70,89,4.66,SE,1683497378
226,nuriootpa,-34.4833,139.0,280.57,71,8,1.68,AU,1683497378
227,itoman,26.1247,127.6694,295.36,88,75,5.14,JP,1683497378
228,holualoa,19.6228,-155.9522,299.06,76,40,5.66,US,1683497379
229,nchelenge,-9.3451,28.734,292.11,71,0,2.41,ZM,1683497379
230,west island,-12.1568,96.8225,300.14,94,75,2.57,CC,1683497295
231,ebon,4.582,168.6964,301.62,78,100,5.49,MH,1683497379
232,linxia chengguanzhen,35.6003,103.2064,280.75,82,99,1.15,CN,1683497379
233,hamilton,39.1834,-84.5333,296.52,78,0,2.06,US,1683497262
234,port saint john's,-31.6229,29.5448,291.8,91,100,2.0,ZA,1683497293
235,rio gallegos,-51.6226,-69.2181,281.18,61,0,3.6,AR,1683497379
236,sisimiut,66.9395,-53.6735,273.89,86,80,4.81,GL,1683497297
237,kumi,36.1136,128.336,278.9,79,47,0.8,KR,1683497380
238,glace bay,46.1969,-59.957,285.81,56,62,5.81,CA,1683497380
239,sitka,57.0531,-135.33,282.67,67,85,2.56,US,1683497224
240,keflavik,64.0049,-22.5624,283.39,93,75,5.14,IS,1683497280
241,teguise,29.0605,-13.564,292.27,64,20,10.8,ES,1683497089
242,bhadasar,28.2833,74.3167,301.96,10,3,2.82,IN,1683497380
243,champerico,14.3,-91.9167,308.45,65,5,5.67,GT,1683497380
244,kharp,66.8014,65.8081,267.83,95,100,4.51,RU,1683497380
245,somerset,40.5668,-74.5496,298.07,49,20,2.06,US,1683497381
246,tottori,35.5,134.2333,287.19,82,75,7.2,JP,1683497136
247,faya-largeau,17.9257,19.1043,302.9,16,1,8.63,TD,1683497381
248,hammamet,36.4,10.6167,293.07,87,100,2.3,TN,1683497381
249,neuville-sur-saone,45.877,4.8492,288.33,91,0,1.03,FR,1683497381
250,courtenay,49.6866,-124.9936,290.37,61,55,1.67,CA,1683497381
251,kingston,17.997,-76.7936,302.15,84,40,2.06,JM,1683497005
252,strelka,58.0728,93.0344,281.08,78,50,1.41,RU,1683497381
253,la plata,-34.9215,-57.9545,291.94,70,62,2.47,AR,1683497382
254,kalabo,-14.97,22.6814,289.98,40,6,2.57,ZM,1683497382
255,igarka,67.4667,86.5833,266.2,87,100,4.71,RU,1683497382
256,shache,38.4167,77.2406,284.75,25,100,3.55,CN,1683497382
257,trujillo,-8.116,-79.03,297.13,78,40,5.14,PE,1683497217
258,archangelos,36.2149,28.1149,291.14,78,1,2.62,GR,1683497382
259,vylkove,45.4021,29.586,286.65,69,90,3.68,UA,1683497382
260,leh,34.1667,77.5833,271.83,73,100,2.76,IN,1683497382
261,dhandhuka,22.3667,71.9833,303.4,40,0,6.13,IN,1683497383
262,ar rutbah,33.0381,40.2848,292.63,40,2,3.43,IQ,1683497383
263,nouadhibou,20.931,-17.0347,295.14,64,0,10.29,MR,1683497383
264,katabu,-4.9333,122.5167,297.37,97,100,1.91,ID,1683497383
265,villa gesell,-37.2639,-56.973,288.18,91,100,5.71,AR,1683497383
266,liwale,-9.7667,37.9333,290.94,83,7,0.72,TZ,1683497383
267,saint-amand-montrond,46.75,2.5,287.19,96,10,2.35,FR,1683497383
268,dolinsk,47.35,142.8,280.59,52,76,2.54,RU,1683497384
269,carutapera,-1.195,-46.02,299.05,89,70,4.09,BR,1683497384
270,san fernando,15.0286,120.6898,302.0,82,31,0.82,PH,1683497108
271,shimoda,34.6667,138.95,292.65,95,100,9.84,JP,1683497384
272,samsun,41.25,36.3333,286.57,88,75,5.66,TR,1683497384
273,ta`u,-14.2336,-169.5144,300.98,75,12,5.57,AS,1683497384
274,saskatoon,52.1168,-106.6345,291.14,36,75,8.23,CA,1683497105
275,banda aceh,5.5577,95.3222,298.82,87,97,6.37,ID,1683497385
276,benguela,-12.5763,13.4055,298.84,83,10,0.57,AO,1683497385
277,kraksaan,-7.7585,113.3962,298.1,80,48,2.12,ID,1683497385
278,victoria point,-27.5833,153.3,287.01,51,0,2.68,AU,1683497385
279,novyy urengoy,66.0833,76.6333,273.71,98,100,7.42,RU,1683497266
280,sarmiento,-45.5882,-69.07,283.88,60,1,2.36,AR,1683497385
281,manta,-0.95,-80.7333,303.03,66,75,2.57,EC,1683497386
282,yel'nya,54.5786,33.1837,273.18,59,0,1.97,RU,1683497386
283,akureyri,65.6835,-18.0878,284.2,79,80,4.46,IS,1683497386
284,san jeronimo,-11.9472,-75.2829,286.72,70,73,1.84,PE,1683497386
285,cururupu,-1.8283,-44.8683,298.34,89,90,1.85,BR,1683497232
286,linghai,41.1653,121.3667,287.22,34,14,1.68,CN,1683497386
287,san luis de la loma,17.2706,-100.8939,305.35,49,47,3.79,MX,1683497386
288,georgetown,5.4112,100.3354,300.11,89,20,0.0,MY,1683497262
289,tres arroyos,-38.3739,-60.2798,285.75,94,86,3.34,AR,1683497387
290,sfax,34.7406,10.7603,295.23,64,40,1.54,TN,1683497151
291,calchaqui,-29.8877,-60.287,291.3,65,4,2.44,AR,1683497387
292,cockermouth,54.6621,-3.3609,286.16,86,100,2.68,GB,1683497387
293,lamar,33.6668,-95.5836,302.03,78,75,6.17,US,1683497387
294,kailua-kona,19.6406,-155.9956,301.13,76,40,5.66,US,1683497294
295,sur,22.5667,59.5289,302.45,46,0,4.28,OM,1683497387
296,la passe,45.5549,-0.8967,287.58,86,61,2.72,FR,1683497322
297,santa ana,33.7456,-117.8678,297.93,54,20,6.17,US,1683497339
298,zhigalovo,54.8097,105.1578,275.25,83,37,0.83,RU,1683497388
299,luderitz,-26.6481,15.1594,287.93,58,0,5.68,NA,1683497318
300,nea michaniona,40.4649,22.8613,291.42,69,20,2.06,GR,1683497388
301,ust-tsilma,65.441,52.1498,266.94,93,100,4.38,RU,1683497388
302,salinas,36.6777,-121.6555,294.02,58,0,6.69,US,1683497388
303,turinsk,58.0458,63.696,276.54,53,3,5.71,RU,1683497388
304,aswan,24.0934,32.907,297.72,24,0,5.87,EG,1683497388
305,pechora,65.1472,57.2244,266.02,94,100,5.97,RU,1683497388
306,saint-paul,-21.0096,55.2707,299.2,82,98,0.98,RE,1683497389
307,cognac,45.5,-0.25,287.58,94,0,2.06,FR,1683497389
308,salinopolis,-0.6136,-47.3561,299.58,88,81,5.0,BR,1683497389
309,coquimbo,-29.9533,-71.3436,288.0,88,0,3.09,CL,1683497309
310,pachino,36.7186,15.0907,289.75,81,66,0.52,IT,1683497389
311,codrington,-38.2667,141.9667,285.1,73,100,5.23,AU,1683497389
312,hilo,19.7297,-155.09,299.42,76,100,5.66,US,1683497159
313,bandon,51.7469,-8.7425,286.92,98,100,6.52,IE,1683497389
314,westport,41.1415,-73.3579,297.27,44,0,7.2,US,1683497389
315,chongwe,-15.3292,28.682,286.55,55,0,0.69,ZM,1683497390
316,samarinda,-0.5,117.15,296.68,99,100,0.9,ID,1683497390
317,yura,-16.2522,-71.6797,289.51,46,90,2.9,PE,1683497390
318,hadibu,12.65,54.0333,301.47,55,2,1.85,YE,1683497390
319,tshikapa,-6.4167,20.8,296.4,82,13,0.78,CD,1683497390
320,ivanteyevka,55.9711,37.9208,276.04,75,9,1.95,RU,1683497390
321,santa cruz,-17.8,-63.1667,295.18,88,100,2.06,BO,1683497234
322,mossel bay,-34.1831,22.146,288.11,84,3,5.52,ZA,1683497102
323,waspan,14.7419,-83.9717,304.89,47,100,4.63,NI,1683497390
324,ugoofaaru,5.6667,73.0,302.02,74,70,6.37,MV,1683497391
325,mount pearl,47.5166,-52.7813,280.07,67,96,3.13,CA,1683497391
326,kirakira,-10.4544,161.9205,301.57,79,99,3.0,SB,1683497391
327,letterkenny,54.95,-7.7333,286.0,97,100,5.52,IE,1683497391
328,pimentel,-6.8367,-79.9342,300.31,69,0,9.26,PE,1683497391
329,san mariano,7.5,126.0,296.64,95,90,1.16,PH,1683497392
330,novoagansk,61.9449,76.6625,284.7,63,65,6.67,RU,1683497392
331,ceerigaabo,10.6162,47.368,293.05,37,89,2.94,SO,1683497392
332,cihanbeyli,38.6607,32.9244,283.33,75,73,4.54,TR,1683497392
333,pajapan,18.25,-94.7,300.24,43,17,5.0,MX,1683497393
334,al burayqah,30.4062,19.5739,291.96,72,77,4.18,LY,1683497393
335,prado,-17.3411,-39.2208,296.82,85,4,3.97,BR,1683497394
336,saryozek,44.3583,77.9753,280.42,49,28,0.44,KZ,1683497394
337,kalmunai,7.4167,81.8167,298.61,81,100,1.9,LK,1683497394
338,san clemente,33.427,-117.612,297.18,70,14,2.68,US,1683497300
339,kutum,14.2,24.6667,299.04,14,66,3.19,SD,1683497395
340,sarandi del yi,-33.35,-55.6333,287.13,82,100,2.66,UY,1683497395
341,ancud,-41.8697,-73.8203,281.98,83,54,1.24,CL,1683497318
342,darwin,-12.4611,130.8418,296.14,56,0,5.14,AU,1683497284
343,aykhal,66.0,111.5,259.77,93,86,2.38,RU,1683497395
344,praia,14.9215,-23.5087,296.45,73,20,7.72,CV,1683497395
345,obo,5.3998,26.4869,295.93,75,99,0.46,CF,1683497395
346,north bend,43.4065,-124.2243,286.96,76,100,5.14,US,1683497395
347,onega,63.9061,38.1404,271.82,81,11,1.82,RU,1683497301
348,galle,6.0367,80.217,299.75,84,100,4.55,LK,1683497396
349,hermanus,-34.4187,19.2345,287.77,84,18,4.76,ZA,1683497289
350,labuan,5.2767,115.2417,300.93,75,99,2.64,MY,1683497310
351,at taj,24.2049,23.2857,293.35,30,6,4.09,LY,1683497396
352,paracuru,-3.41,-39.0306,301.54,78,83,3.83,BR,1683497212
353,egilsstadir,65.2653,-14.3948,281.24,95,99,2.95,IS,1683497317
354,haiku-pauwela,20.9219,-156.3051,300.16,58,20,9.26,US,1683497316
355,porto novo,6.4965,2.6036,300.61,76,98,2.56,BJ,1683497397
356,vorkuta,67.5,64.0,265.3,89,100,7.43,RU,1683497314
357,antsiranana,-12.2787,49.2917,297.65,77,3,5.97,MG,1683497141
358,tuy hoa,13.0833,109.3,298.13,86,100,2.52,VN,1683497397
359,roma,43.2128,-75.4557,293.23,37,75,2.57,US,1683497397
360,sinjai,-5.1241,120.253,297.24,92,91,1.75,ID,1683497397
361,matoury,4.8483,-52.3317,298.13,100,75,1.03,GF,1683497398
362,bobrovskiy,56.6732,60.9807,275.24,55,0,7.0,RU,1683497398
363,china,25.7,-99.2333,311.61,22,99,2.3,MX,1683497398
364,lashio,22.9333,97.75,292.71,58,1,0.6,MM,1683497296
365,pudozh,61.8099,36.5345,272.53,79,61,1.48,RU,1683497398
366,rawai,7.7797,98.3253,304.25,99,100,3.02,TH,1683497398
367,cooma,-36.2333,149.1333,275.44,86,88,8.41,AU,1683497398
368,zhukovo,55.0318,36.744,272.3,67,10,1.04,RU,1683497398
369,trairi,-3.2778,-39.2689,298.87,79,89,3.08,BR,1683497279
370,siwa oasis,29.2041,25.5195,294.22,45,0,5.8,EG,1683497399
371,opuwo,-18.0607,13.84,292.69,33,19,1.47,NA,1683497399
372,papao,-17.75,-149.55,302.97,77,18,6.6,PF,1683497317
373,guacimo,10.2104,-83.6807,303.5,76,100,1.79,CR,1683497399
374,spirovo,57.419,34.9766,272.4,84,34,2.15,RU,1683497399
375,cambria,35.5641,-121.0808,297.56,78,37,3.58,US,1683497399
376,pago pago,-14.2781,-170.7025,302.7,84,75,3.6,AS,1683497116
377,dondaicha,21.3333,74.5667,301.44,64,44,8.63,IN,1683497399
378,blackwater,-23.5833,148.8833,285.89,32,0,6.28,AU,1683497400
379,borujerd,33.8973,48.7516,288.11,31,0,1.7,IR,1683497400
380,caluula,11.9661,50.7569,301.65,63,29,4.17,SO,1683497400
381,novodvinsk,64.4165,40.8122,271.1,96,21,1.91,RU,1683497400
382,sechura,-5.5569,-80.8222,301.84,60,56,6.25,PE,1683497401
383,new norfolk,-42.7826,147.0587,281.32,73,91,0.45,AU,1683497401
384,brookings,44.3114,-96.7984,296.69,48,0,5.14,US,1683497362
385,khandyga,62.6667,135.6,273.74,98,100,2.8,RU,1683497311
386,guajara mirim,-10.7828,-65.3394,297.8,97,100,0.96,BR,1683497115
387,fauske,67.2588,15.3918,280.17,97,100,3.1,NO,1683497404
388,huntington beach,33.6603,-117.9992,297.32,60,20,6.17,US,1683497405
389,salavat,53.3837,55.9077,274.88,69,100,2.67,RU,1683497407
390,demak,-6.8909,110.6396,300.13,92,62,2.75,ID,1683497409
391,belize city,17.4995,-88.1976,301.49,73,50,5.67,BZ,1683497416
392,hassi messaoud,31.6804,6.0729,308.07,10,75,10.29,DZ,1683497417
393,lakhipur,26.0299,90.3041,296.82,57,13,3.6,IN,1683497418
394,port moresby,-9.4431,147.1797,299.15,83,29,1.35,PG,1683497419
395,balaklava,44.5,33.6,284.47,61,99,4.08,UA,1683497421
396,altai,46.3722,96.2583,272.36,66,44,2.34,MN,1683497421
397,poronaysk,49.2167,143.1167,279.25,57,26,1.05,RU,1683497421
398,mhamid,29.82,-5.72,302.55,13,0,3.72,MA,1683497422
399,vila franca do campo,37.7167,-25.4333,291.38,93,100,5.04,PT,1683497422
400,port shepstone,-30.7414,30.455,292.33,76,100,3.51,ZA,1683497422
401,acarau,-2.8856,-40.12,299.13,79,87,4.96,BR,1683497423
402,bauchi,10.5,10.0,302.62,27,23,1.61,NG,1683497423
403,chul'man,56.8479,124.9104,269.83,90,76,4.14,RU,1683497424
404,sajir,25.1825,44.5996,303.21,14,95,0.84,SA,1683497424
405,beau vallon,-20.4189,57.6953,298.28,83,75,4.63,MU,1683497137
406,maragogi,-9.0122,-35.2225,298.56,77,9,3.51,BR,1683497187
407,fairfield,41.2668,-73.3162,296.66,44,20,7.2,US,1683497275
408,kunduz,36.75,68.75,290.65,44,87,2.63,AF,1683497426
409,touros,-5.1989,-35.4608,300.04,77,63,6.13,BR,1683497427
410,kurumkan,54.3,110.3,275.34,66,54,1.12,RU,1683497427
411,kavaratti,10.5669,72.642,301.99,66,62,4.93,IN,1683497427
412,ixtapa,20.7,-105.2,301.72,65,0,4.12,MX,1683497428
413,burgersdorp,-30.9977,26.3286,285.86,82,100,1.47,ZA,1683497428
414,laojunmiao,39.8333,97.7333,277.52,64,100,2.73,CN,1683497218
415,palmer,42.1584,-72.3287,296.52,29,75,3.09,US,1683497310
416,new kingman-butler,35.265,-114.0323,298.61,11,0,6.17,US,1683497431
417,yuzhno-kurilsk,44.0306,145.8556,276.04,85,100,3.23,RU,1683497431
418,rawson,-43.3002,-65.1023,285.05,66,94,5.46,AR,1683497432
419,yangambi,0.8102,24.4336,295.04,96,87,1.22,CD,1683497432
420,achinsk,56.2694,90.4993,284.23,59,48,3.07,RU,1683497433
421,machico,32.7,-16.7667,294.1,69,20,9.77,PT,1683497433
422,barra do bugres,-15.0725,-57.1811,299.12,78,29,1.15,BR,1683497435
423,san patricio,28.017,-97.5169,302.68,62,97,7.55,US,1683497435
424,rouiba,36.7383,3.2808,289.16,88,20,1.54,DZ,1683497435
425,shingu,33.7333,135.9833,288.23,80,74,4.24,JP,1683497436
426,motueka,-41.1333,173.0167,290.98,98,100,1.41,NZ,1683497436
427,tura,25.5198,90.2201,296.06,40,11,2.03,IN,1683497304
428,tolanaro,-25.0319,46.9987,293.76,90,0,4.41,MG,1683497302
429,zag,46.9441,99.165,274.68,100,100,1.77,MN,1683497437
430,lerwick,60.1545,-1.1494,281.15,94,100,10.19,GB,1683497305
431,lagos,6.5833,3.75,299.03,88,68,2.23,NG,1683497439
432,yorosso,12.3536,-4.7761,302.83,44,100,2.6,ML,1683497439
433,sambava,-14.2667,50.1667,296.03,88,7,4.53,MG,1683497439
434,palikir - national government center,6.9248,158.1611,301.62,83,100,2.06,FM,1683497440
435,danilov,58.1908,40.1717,271.61,78,25,2.31,RU,1683497440
436,yatou,37.15,122.3833,284.35,66,90,3.54,CN,1683497440
437,ha'il,27.5219,41.6907,296.85,16,0,1.12,SA,1683497441
438,qamdo,31.1667,97.2333,272.86,54,56,2.37,CN,1683497441
439,darhan,49.4867,105.9228,283.83,49,100,1.86,MN,1683497441
440,recani,31.2846,-4.2688,298.93,18,60,5.47,MA,1683497307
441,bryan,30.6744,-96.37,302.97,54,0,6.69,US,1683497441
442,santa marta,11.2408,-74.199,306.18,66,75,8.23,CO,1683497187
443,andergrove,-21.0833,149.1833,292.4,61,5,8.44,AU,1683497441
444,bay roberts,47.5999,-53.2648,280.74,64,99,4.47,CA,1683497442
445,quellon,-43.1167,-73.6167,280.29,93,40,0.0,CL,1683497442
446,baglung,28.2719,83.5898,290.48,56,0,2.95,NP,1683497442
447,pandan,14.0453,124.1694,299.44,83,76,2.47,PH,1683497442
448,las toscas,-28.3529,-59.258,291.23,81,53,2.59,AR,1683497442
449,wuzhou,23.4833,111.3167,291.22,92,100,1.69,CN,1683497442
450,broken hill,-31.95,141.4333,277.69,70,0,3.97,AU,1683497316
451,inhambane,-23.865,35.3833,294.77,80,2,2.43,MZ,1683497317
452,rongelap,11.1635,166.8941,300.44,79,58,8.15,MH,1683497443
453,harper,4.375,-7.7169,300.09,81,100,2.84,LR,1683497309
454,inirida,3.8653,-67.9239,301.78,73,54,0.13,CO,1683497443
455,tangermunde,52.5446,11.9765,282.56,58,83,0.45,DE,1683497438
456,boujniba,32.9005,-6.7746,288.14,78,99,7.68,MA,1683497443
457,konz,49.7,6.5833,288.69,96,100,1.29,DE,1683497443
458,zelenogradsk,54.9589,20.4767,280.91,66,0,1.0,RU,1683497443
459,yurty,56.0498,97.6348,279.25,65,43,1.16,RU,1683497443
460,taoudenni,22.6783,-3.9836,309.7,8,72,4.3,ML,1683497444
461,st. john's,47.5649,-52.7093,280.53,67,92,1.34,CA,1683497294
462,nizhniy kuranakh,58.8353,125.4869,271.19,89,98,3.34,RU,1683497444
463,preobrazheniye,42.9019,133.9064,282.05,55,0,0.6,RU,1683497444
464,mount vernon,40.9126,-73.8371,297.95,50,75,6.17,US,1683497444
465,midvagur,62.0511,-7.1939,282.61,93,100,5.14,FO,1683497444
466,yaren,-0.5472,166.916,301.88,74,75,3.13,NR,1683497444
467,rabo de peixe,37.8,-25.5833,290.88,94,75,6.17,PT,1683497444
468,bodo,67.28,14.405,280.17,97,75,6.69,NO,1683497445
469,saint-philippe,-21.3585,55.7679,296.92,84,100,4.49,RE,1683497445
470,chopinzinho,-25.8558,-52.5233,292.58,88,80,2.13,BR,1683497445
471,petropavlovsk-kamchatsky,53.0452,158.6483,280.48,53,75,2.0,RU,1683497445
472,malango,-2.9627,119.9001,293.33,97,100,0.57,ID,1683497297
473,kikvidze,50.7416,43.0518,278.47,58,100,5.27,RU,1683497445
474,el bauga,18.262,33.9081,303.4,13,15,8.25,SD,1683497445
475,kasimov,54.9411,41.3953,272.74,72,5,1.79,RU,1683497445
476,zouerate,22.7187,-12.4521,300.78,20,0,4.91,MR,1683497446
477,weno,7.4515,151.8468,303.12,79,40,3.09,FM,1683497446
478,yangjiang,21.85,111.9667,294.97,88,99,4.56,CN,1683497446
479,zheleznodorozhnyy,55.7503,38.0042,276.13,67,7,1.64,RU,1683497446
480,karratha,-20.7377,116.8463,297.16,38,61,6.93,AU,1683497446
481,happy valley-goose bay,53.3168,-60.3315,275.47,87,100,3.14,CA,1683497293
482,tamanrasset,22.785,5.5228,298.1,10,0,0.0,DZ,1683497446
483,veraval,20.9,70.3667,300.44,74,11,5.41,IN,1683497305
484,hinton,53.4001,-117.5857,285.33,62,100,0.52,CA,1683497246
485,qal'ah-ye shahr,35.5473,65.5676,276.6,81,5,1.82,AF,1683497446
486,daru,-9.0763,143.2092,300.5,86,64,5.65,PG,1683497299
487,nieuw amsterdam,5.8833,-55.0833,299.34,90,40,1.03,SR,1683497447
488,altagracia de orituco,9.8601,-66.3814,303.3,52,84,2.14,VE,1683497447
489,tazacorte,28.629,-17.9293,293.69,87,40,11.32,ES,1683497295
490,monte azul,-15.155,-42.8747,299.33,42,53,1.75,BR,1683497447
491,lubuklinggau,-3.3,102.8667,296.64,83,100,0.8,ID,1683497236
492,shimokizukuri,40.8061,140.3861,279.0,90,100,5.22,JP,1683497447
493,grootfontein,-19.5667,18.1167,289.48,58,14,0.74,NA,1683497447
494,mangrol,21.1167,70.1167,300.41,73,6,5.16,IN,1683497353
495,masuguru,-11.3667,38.4167,296.54,73,100,1.35,TZ,1683497448
496,jhang sadr,31.2715,72.3284,295.0,52,0,7.67,PK,1683497448
497,kagizman,40.1567,43.1342,283.3,78,4,2.13,TR,1683497448
498,bodaybo,57.8506,114.1933,274.42,93,100,1.93,RU,1683497448
499,mouila,-1.8685,11.0559,297.15,96,79,0.43,GA,1683497354
500,cooper's town,26.8667,-77.5167,295.67,62,0,9.14,BS,1683497448
501,tayshet,55.9342,98.0044,279.16,67,35,1.33,RU,1683497448
502,staryye ozinki,51.1786,49.6769,280.46,43,100,6.32,RU,1683497449
503,bulancak,40.9372,38.2291,288.05,82,75,3.6,TR,1683497449
504,lazaro cardenas,17.9583,-102.2,304.67,50,13,5.49,MX,1683497122
505,koson,39.0375,65.585,287.33,48,1,2.52,UZ,1683497449
506,huarmey,-10.0681,-78.1522,297.51,78,67,5.37,PE,1683497449
507,mezhdurechensk,53.6942,88.0603,281.84,78,1,1.13,RU,1683497449
508,zeya,53.75,127.2667,276.04,81,100,6.35,RU,1683497449
509,shenjiamen,29.9576,122.298,288.11,87,95,7.42,CN,1683497450
510,driefontein,-27.0177,30.4498,284.73,97,87,0.79,ZA,1683497450
511,raton,36.9034,-104.4391,298.34,8,0,11.83,US,1683497450
512,noumea,-22.2763,166.4572,297.14,99,40,0.94,NC,1683497159
513,quarai,-30.3875,-56.4514,288.02,94,90,1.64,BR,1683497450
514,pionerskiy,54.9508,20.2275,280.79,66,4,4.19,RU,1683497450
515,nar'yan-mar,67.6713,53.087,264.62,95,16,4.17,RU,1683497286
516,yeppoon,-23.1333,150.7333,288.03,40,80,6.02,AU,1683497450
517,el porvenir,13.7617,-87.3458,307.78,16,85,5.05,HN,1683497451
518,okhotsk,59.3833,143.3,274.85,82,22,2.06,RU,1683497451
519,fort wellington,6.4,-57.6,298.57,90,91,4.77,GY,1683497451
520,ravar,31.2656,56.8055,294.62,14,0,0.56,IR,1683497451
521,nogliki,51.8333,143.1667,277.57,66,97,1.98,RU,1683497331
522,gazojak,41.1875,61.4036,292.19,36,0,1.53,TM,1683497451
523,akjoujt,19.6969,-14.4164,304.66,10,0,4.82,MR,1683497451
524,southside,33.9245,-86.0225,302.86,56,20,4.63,US,1683497451
525,neryungri,56.6709,124.6491,270.62,86,75,5.56,RU,1683497452
526,vernon,50.2581,-119.2691,291.09,49,100,1.79,CA,1683497424
527,bom jesus,-9.0744,-44.3586,300.41,57,88,0.38,BR,1683497452
528,torghay,49.6339,63.4981,290.41,36,15,3.43,KZ,1683497452
529,toyooka,35.5333,134.8333,284.27,92,100,5.86,JP,1683497452
530,flin flon,54.7682,-101.865,291.39,32,88,4.08,CA,1683497452
531,waingapu,-9.6567,120.2641,298.71,87,43,5.39,ID,1683497452
532,isabel segunda,18.1491,-65.4427,302.36,66,8,3.91,PR,1683497452
533,faqirwali,29.4663,73.034,300.31,19,0,1.48,PK,1683497453
534,tomatlan,19.9333,-105.25,305.94,48,1,4.33,MX,1683497289
535,oppdal,62.5943,9.6912,274.8,66,3,2.98,NO,1683497453
536,rocha,-34.4833,-54.3333,288.35,83,100,2.98,UY,1683497441
537,gedo,9.0167,37.45,285.3,92,96,0.74,ET,1683497453
538,gizo,-8.103,156.8419,302.26,73,75,2.63,SB,1683497299
539,ladario,-19.0047,-57.6017,300.31,78,0,1.54,BR,1683497199
540,sibiti,-3.6819,13.3499,294.82,97,74,0.16,CG,1683497453
541,kashgar,39.4547,75.9797,284.37,31,100,1.41,CN,1683497454
542,concepcion,-36.827,-73.0498,287.04,82,0,3.09,CL,1683497454
543,camiri,-20.05,-63.5167,290.03,94,100,0.0,BO,1683497454
544,binzhou,37.3667,118.0167,286.36,37,100,1.81,CN,1683497454
545,xichang,27.8964,102.2634,289.01,79,48,0.52,CN,1683497454
546,giarmata,45.8383,21.3108,285.9,100,0,1.34,RO,1683497454
547,nguigmi,14.2495,13.1092,302.77,19,88,3.76,NE,1683497454
548,shkurinskaya,46.5858,39.3599,283.08,91,100,6.5,RU,1683497454
549,mil'kovo,55.6078,37.7956,276.12,61,6,1.39,RU,1683497315
550,carauari,-4.8828,-66.8958,298.71,94,58,0.74,BR,1683497221
551,altay,47.8667,88.1167,277.81,72,79,2.36,CN,1683497455
552,puerto colombia,10.9878,-74.9547,302.2,82,100,8.63,CO,1683497455
553,puerto baquerizo moreno,-0.9,-89.6,299.7,89,75,3.09,EC,1683497370
554,tabora,-5.0167,32.8,291.9,75,44,1.33,TZ,1683497455
555,patterson,37.4716,-121.1297,295.75,54,100,1.28,US,1683497455
556,alice springs,-23.7,133.8833,277.9,65,0,6.29,AU,1683497294
557,jasper,37.2001,-94.3502,302.6,58,100,7.72,US,1683497456
558,dzhalagash,45.0833,64.6667,291.42,16,0,1.88,KZ,1683497456
559,scarborough,54.2797,-0.4044,285.81,88,91,6.26,GB,1683497456
560,lavras,-21.2453,-44.9997,291.11,80,26,2.25,BR,1683497456
561,betio village,1.358,172.9211,304.17,79,65,6.07,KI,1683497456
562,tondon,10.3667,-13.35,298.06,88,97,0.91,GN,1683497456
563,ribeira brava,32.65,-17.0667,294.1,78,2,2.28,PT,1683497456
564,el nido,11.1858,119.3956,300.3,83,89,2.39,PH,1683497456
565,itaituba,-4.2761,-55.9836,300.01,81,99,0.61,BR,1683497457
566,ishim,56.1128,69.4902,283.63,62,34,5.97,RU,1683497457
567,najran,17.4924,44.1277,299.51,22,55,1.58,SA,1683497185
568,valparaiso,-33.0393,-71.6273,290.28,65,0,2.57,CL,1683497367
569,sao jose do belmonte,-7.8614,-38.7597,298.2,47,65,3.17,BR,1683497457
570,tarinkot,32.6268,65.8733,287.59,35,0,2.46,AF,1683497457
571,goba,7.0167,39.9833,284.76,92,97,1.09,ET,1683497457
572,arkalyk,50.2486,66.9114,289.47,32,39,4.13,KZ,1683497458
573,boa vista,2.8197,-60.6733,300.14,89,75,2.06,BR,1683497261
574,dryden,49.7833,-92.7503,283.31,81,100,5.14,CA,1683497458
